num_episode,loss,td_error,reward_avg
1,0.20528241540770978,0.29226274605840447,-1.0
2,0.09112035297090187,0.1687488417327404,-1.0
